,Baseline,Árvore de decisão,Floresta Aleatória,k-NN,Regressão Linear Múltipla,SGD
0,33.88748698048825,14.634610374590611,14.634610374590613,12.468320433763951,17.683130438527577,17.906091992879386
