Baseline,Árvore de decisão,Floresta Aleatória,k-NN,Regressão Linear Múltipla,SGD
33.88748698048825,14.634610374590611,11.601069265602318,12.468320433763951,17.683130440838717,17.916310708312842
